Datum;Erster;Hoch;Tief;Schlusskurs;Stuecke;Volumen
2026-09-04;513,78;534,99;510,15;524,14;1.733.112;898.757.971
2026-09-03;487,85;530,50;478,55;516,39;3.071.948;1.739.290.835
2026-09-02;461,00;497,92;432,34;492,20;4.766.402;2.169.463.083
2026-09-01;455,39;462,00;422,00;425,00;2.258.150;1.167.848.035
2026-08-31;463,91;474,00;456,01;456,01;2.831.976;2.480.739.085
2026-08-28;467,58;474,74;452,97;456,24;1.074.375;613.423.216
2026-08-27;466,68;472,26;459,36;472,26;1.194.423;799.198.788
2026-08-26;452,82;469,40;451,56;463,82;1.020.615;612.271.202
2026-08-25;442,46;457,29;442,17;451,50;1.064.571;697.178.634
2026-08-24;438,21;451,18;424,56;433,19;926.019;444.838.396
2026-08-21;439,35;444,43;429,85;442,08;1.047.481;721.409.579
2026-08-20;437,00;443,175;432,03;434,78;905.902;585.468.834
2026-08-19;468,00;470,775;427,79;437,55;1.634.066;895.225.387
2026-08-18;469,30;489,85;458,81;468,65;1.672.719;1.187.248.945
2026-08-17;495,00;495,51;469,43;479,81;1.259.207;912.216.977
2026-08-14;498,00;500,00;488,89;490,81;971.510;646.543.915
2026-08-13;501,95;514,00;487,54;494,51;1.501.117;828.632.714
2026-08-12;459,40;484,65;455,00;484,50;1.332.304;955.369.753
2026-08-11;449,89;449,89;431,435;440,97;1.378.037;1.066.742.996
2026-08-10;461,75;474,57;451,57;457,88;1.279.668;823.008.730
2026-08-07;437,75;455,73;417,00;453,77;1.050.919;569.982.441
2026-08-06;446,32;455,10;426,12;437,65;1.500.623;1.041.066.337
2026-08-05;466,75;485,37;461,91;462,70;1.600.385;789.051.655
2026-08-04;448,00;476,68;444,30;467,27;1.718.707;1.139.381.309
2026-08-03;397,98;432,28;390,81;429,02;1.182.785;718.996.025
2026-07-31;419,50;431,33;401,00;405,37;1.284.655;628.840.770
2026-07-30;386,83;412,87;383,31;404,81;1.311.782;727.968.265
2026-07-29;388,19;394,74;364,25;369,64;1.498.431;563.403.505
2026-07-28;395,00;395,00;359,29;392,10;1.690.525;686.098.143
2026-07-27;433,58;447,00;411,905;426,91;1.193.087;598.359.325
2026-07-24;438,00;451,48;432,40;437,50;859.662;454.485.860
2026-07-23;442,51;454,56;434,34;439,34;1.026.385;533.390.267
2026-07-22;413,77;451,00;413,77;441,80;1.319.933;687.712.560
2026-07-21;396,06;407,95;396,06;404,15;1.221.574;708.378.017
2026-07-20;399,96;403,19;381,05;381,88;1.067.936;490.740.483
2026-07-17;381,46;407,15;368,15;396,34;1.634.062;855.141.819
2026-07-16;403,11;413,72;391,16;391,38;1.501.999;677.986.725
2026-07-15;460,00;460,00;391,33;412,68;2.308.338;1.028.174.507
2026-07-14;443,34;463,275;443,34;457,54;1.539.226;833.703.278
2026-07-13;432,17;436,40;418,98;427,11;1.239.033;676.920.759
2026-07-10;448,48;452,50;433,24;434,97;1.011.270;507.384.192
2026-07-09;445,00;460,47;435,53;450,22;1.485.288;734.528.063
2026-07-08;425,00;449,13;414,00;431,97;2.105.555;991.433.416
2026-07-07;399,85;426,56;395,82;417,28;1.788.267;1.222.428.556
2026-07-06;394,00;429,53;393,25;411,80;1.684.331;846.446.779
2026-07-03;394,32;394,32;394,32;394,32;3.463.208;1.135.625.700
2026-07-02;413,05;422,23;386,06;394,32;1.534.352;754.422.360
2026-07-01;418,00;438,51;410,95;425,25;1.270.838;332.487.018
2026-06-30;412,00;433,42;409,10;431,46;1.885.043;1.553.078.196
2026-06-29;393,20;416,32;378,68;414,61;1.802.938;1.090.364.646
2026-06-26;396,25;401,00;385,37;399,49;3.252.335;987.854.082
2026-06-25;413,01;414,45;391,05;409,45;2.840.423;2.051.400.602
2026-06-24;420,10;440,14;418,34;434,06;1.372.020;698.538.614
2026-06-23;395,00;434,90;391,20;427,78;1.402.169;773.084.129
2026-06-22;421,00;443,98;414,70;418,71;1.681.408;975.440.233
2026-06-19;409,50;409,50;409,50;409,50;28.614.066;11.452.203.862
2026-06-18;424,75;435,96;407,92;409,50;7.016.587;7.025.974.873
2026-06-17;412,00;431,65;396,08;419,32;1.610.119;837.332.194
2026-06-16;413,53;421,76;402,25;404,08;1.376.124;729.169.696
2026-06-15;410,00;415,62;394,88;409,07;1.461.925;583.350.015
2026-06-12;384,91;408,24;381,51;395,57;1.597.467;943.548.533
2026-06-11;368,04;394,18;368,04;391,45;1.746.486;866.998.019
2026-06-10;379,44;398,83;369,66;369,83;2.158.557;782.422.490
2026-06-09;403,53;407,00;357,36;381,78;2.296.628;985.067.038
2026-06-08;398,00;406,05;385,86;400,77;2.277.056;1.142.329.286
2026-06-05;406,00;412,80;386,33;394,39;2.380.814;1.114.402.543
2026-06-04;404,00;430,37;399,00;422,05;2.866.406;1.475.067.231
2026-06-03;430,00;431,00;407,00;421,08;2.618.101;1.315.116.854
2026-06-02;464,32;468,53;433,43;435,31;2.911.454;1.592.157.859
2026-06-01;431,98;469,41;431,725;465,96;3.695.201;1.684.498.726
2026-05-29;420,00;429,00;402,51;420,91;6.243.649;3.510.789.840
2026-05-28;315,00;327,50;311,94;317,05;2.733.395;1.162.827.265
2026-05-27;306,53;312,00;298,62;305,32;1.444.036;562.671.830
2026-05-26;300,00;308,49;299,17;305,08;1.966.675;802.420.373
2026-05-23;295,19;295,19;295,19;295,19;4.557.778;1.165.487.747
2026-05-22;267,30;298,25;267,30;295,19;2.234.912;822.628.104
2026-05-21;241,00;254,36;240,95;252,80;1.127.097;482.062.540
2026-05-20;239,59;246,93;237,71;242,93;822.139;293.555.343
2026-05-19;233,93;239,55;227,50;235,26;901.205;315.984.810
2026-05-18;244,60;244,60;232,30;238,03;1.318.619;575.031.803
2026-05-15;240,41;246,72;236,80;241,99;1.423.899;560.825.853
2026-05-14;249,00;260,01;240,96;247,89;1.251.586;356.628.711
2026-05-13;245,35;246,93;237,00;243,87;1.153.076;154.399.048
2026-05-12;242,00;242,04;228,50;238,94;1.530.790;389.077.834
2026-05-11;254,20;255,00;242,17;247,04;1.889.147;475.061.920
2026-05-08;233,89;263,70;233,88;260,46;1.879.416;407.015.377
2026-05-07;234,99;236,385;228,02;230,27;1.221.865;344.980.019
2026-05-06;221,19;239,42;219,87;238,80;1.874.202;431.912.990
2026-05-05;216,00;217,36;211,35;216,32;1.443.677;583.270.556
2026-05-04;212,90;214,77;205,89;211,64;981.418;246.807.340
2026-05-01;207,60;212,70;207,00;210,17;856.836;561.123.971
2026-04-30;208,74;209,15;200,86;208,95;1.689.134;689.526.463
2026-04-29;206,99;207,78;203,32;205,66;942.826;341.834.745
2026-04-28;210,00;210,00;201,63;205,93;1.057.495;454.677.922
2026-04-27;217,75;221,295;213,00;215,97;1.213.193;131.251.413
2026-04-24;213,22;218,97;209,77;216,09;972.501;313.302.184
2026-04-23;213,00;219,145;210,76;212,14;972.572;344.435.538
2026-04-22;214,75;217,32;209,50;214,65;1.195.508;444.664.209
2026-04-21;206,31;214,32;206,11;212,36;1.728.853;563.638.730
2026-04-20;196,97;205,77;196,97;204,24;1.558.113;343.888.059
2026-04-17;192,78;197,29;191,88;196,55;1.623.011;819.611.533
2026-04-16;180,00;193,78;178,51;193,09;2.612.019;761.485.420
2026-04-15;182,48;182,60;177,00;177,28;1.753.915;520.560.542
2026-04-14;186,01;186,04;180,31;184,51;1.300.415;571.613.741
2026-04-13;178,83;191,27;177,51;189,79;1.869.524;452.128.364
2026-04-10;183,88;184,00;177,11;177,80;1.183.469;452.394.747
2026-04-09;186,16;187,51;179,72;181,46;1.108.067;496.606.251
2026-04-08;185,00;189,67;182,82;185,47;1.606.103;519.406.236
2026-04-07;172,53;178,82;172,22;177,69;1.109.121;382.445.598
2026-04-06;176,00;176,49;172,90;173,18;906.972;203.906.727
2026-04-03;174,37;174,37;174,37;174,37;794.772;138.584.384
2026-04-02;169,50;174,37;166,63;174,37;1.051.004;408.912.829
2026-04-01;166,00;171,25;164,80;169,38;1.476.680;542.844.781
2026-03-31;163,38;164,22;155,45;164,13;2.384.388;963.371.755
2026-03-30;172,66;173,90;162,51;164,66;2.833.731;827.307.621
2026-03-27;175,44;176,12;170,37;171,81;1.525.769;441.315.107
2026-03-26;182,48;186,37;175,55;175,82;1.825.849;431.964.721
2026-03-25;178,00;184,80;178,00;184,01;2.239.811;392.380.870
2026-03-24;163,37;178,28;163,37;176,91;2.609.873;631.195.062
2026-03-23;159,85;165,33;158,70;164,59;2.504.804;620.288.244
2026-03-20;163,53;169,90;157,67;157,67;6.112.386;615.187.474
2026-03-19;146,97;157,01;146,97;156,76;1.587.316;448.372.801
2026-03-18;152,99;155,01;148,93;149,21;1.676.317;549.307.956
2026-03-17;155,00;155,02;151,83;153,01;1.815.844;471.624.528
2026-03-16;153,00;157,80;152,91;156,54;1.596.922;371.715.948
2026-03-13;150,14;152,94;146,90;151,62;1.337.266;329.544.779
2026-03-12;147,74;151,80;147,345;149,91;1.618.941;410.420.434
2026-03-11;146,04;149,24;145,20;147,37;1.297.983;337.332.227
2026-03-10;146,73;146,85;137,50;143,80;2.783;404.338.829
2026-03-09;144,32;146,69;141,39;146,51;2.783;352.308.523
2026-03-06;143,59;148,615;142,14;146,48;2.783;295.794.121
2026-03-05;146,23;149,10;142,08;146,52;2.783;326.304.915
2026-03-04;145,22;148,33;144,51;147,10;2.783;322.443.477
2026-03-03;150,00;150,55;141,02;145,18;2.783;241.498.832
2026-03-02;147,50;153,72;146,51;153,55;2.783;235.301.353
2026-02-27;137,40;148,85;136,22;148,08;2.783;1.021.571.113
2026-02-26;125,71;125,95;120,35;121,45;2.783;224.198.790
2026-02-25;118,00;124,94;117,25;123,48;2.783;189.876.154
2026-02-24;120,23;122,63;119,00;119,78;2.783;169.966.413
2026-02-23;121,08;124,19;118,965;119,14;2.783;182.647.786
2026-02-20;117,61;122,66;117,60;122,27;1.832.204;111.833.940
2026-02-19;118,96;121,42;117,62;119,06;1.614.246;239.285.468
2026-02-18;114,85;117,45;112,88;116,78;1.853.776;369.793.868
2026-02-17;116,54;119,00;115,00;116,09;1.464.629;105.160.081
2026-02-13;114,82;120,77;114,25;117,49;2.187.523;298.512.342
2026-02-12;119,20;120,92;111,20;112,82;2.692.079;423.839.511
2026-02-11;128,00;128,00;122,29;124,16;1.402.715;182.233.468
2026-02-10;123,02;126,63;122,74;126,01;1.565.786;337.340.905
2026-02-09;119,52;122,00;118,00;120,91;1.403.446;237.905.211
2026-02-06;116,65;122,54;116,50;121,05;2.043.984;433.528.994
2026-02-05;121,07;122,50;113,08;115,39;1.941.737;399.497.204
2026-02-04;118,38;123,01;116,97;122,04;2.050.678;574.464.794
2026-02-03;120,40;121,20;116,21;117,15;2.524.087;605.998.061
2026-02-02;114,89;119,29;114,88;119,16;1.775.501;241.934.698
2026-01-30;116,46;116,90;112,26;114,44;2.373.139;296.785.298
2026-01-29;115,67;119,00;115,67;118,49;1.533.016;339.604.174
2026-01-28;115,40;118,50;114,41;117,32;1.446.166;320.529.746
2026-01-27;117,12;117,79;114,50;114,66;1.384.199;311.749.893
2026-01-26;115,70;117,20;115,25;115,93;1.448.655;226.379.594
2026-01-23;115,06;115,95;113,78;115,43;1.482.436;254.878.484
2026-01-22;114,50;119,51;113,98;117,17;1.887.929;416.112.004
2026-01-21;112,07;114,40;110,26;113,26;2.186.113;343.136.668
2026-01-20;116,50;116,85;110,85;111,07;2.974.195;416.248.113
2026-01-16;119,87;122,95;119,34;120,53;1.859.793;281.864.729
2026-01-15;121,77;123,64;119,48;119,66;1.567.880;397.956.308
2026-01-14;119,15;122,00;117,95;118,69;1.600.607;309.888.089
2026-01-13;121,57;121,87;118,96;119,66;1.629.239;394.212.837
2026-01-12;119,00;122,02;118,75;120,47;1.385.733;261.067.936
2026-01-09;118,79;121,01;117,47;120,62;1.490.146;392.218.829
2026-01-08;117,45;119,34;114,80;118,50;2.293.927;449.657.039
2026-01-07;122,35;122,35;118,75;120,07;2.187.141;448.998.355
2026-01-06;125,70;126,13;121,92;123,93;1.543.399;411.201.957
2026-01-05;129,79;131,00;122,11;124,01;1.892.191;303.365.213
2026-01-02;128,40;129,35;125,75;127,80;1.027.730;163.648.647
2026-01-01;128,17;128,31;125,79;125,88;926.416;98.029.800
2025-12-31;128,17;128,31;125,79;125,88;926.416;280.940.053
2025-12-30;126,94;128,44;126,94;127,92;922.905;236.808.478
2025-12-29;128,15;129,345;127,12;127,46;946.971;137.984.944
2025-12-26;128,65;129,67;128,05;129,24;687.881;88.443.929
2025-12-24;126,69;129,03;126,50;128,38;574.163;229.277.885
2025-12-23;127,28;128,63;126,41;127,62;971.683;232.387.012
2025-12-22;128,45;128,45;125,37;126,61;1.295.437;122.890.728
2025-12-19;123,88;127,13;123,88;126,42;3.309.015;973.814.211
2025-12-18;127,97;128,51;122,11;122,94;1.791.919;374.765.190
2025-12-17;132,57;133,52;126,80;127,89;1.470.456;415.673.521
2025-12-16;130,39;134,91;130,39;133,75;1.234.001;384.752.770
2025-12-15;131,30;133,24;129,68;130,51;1.377.454;268.852.677
2025-12-12;137,33;139,41;129,475;129,98;2.037.462;286.939.742
2025-12-11;137,67;138,97;134,705;138,60;963.574;255.633.317
2025-12-10;137,52;141,11;136,32;140,63;1.043.310;312.960.764
2025-12-09;138,87;139,86;137,33;138,22;836.178;259.716.956
2025-12-08;138,65;142,31;138,61;140,41;1.013.466;141.845.284
2025-12-05;139,00;139,00;136,12;138,91;1.127.995;482.476.949
2025-12-04;133,35;139,30;132,80;138,99;1.864.304;640.789.239
2025-12-03;135,07;135,63;133,24;133,63;1.113.007;434.772.087
2025-12-02;135,10;138,00;135,10;135,95;1.388.077;503.409.120
2025-12-01;131,49;132,14;127,81;132,09;1.447.141;137.818.157
2025-11-28;134,17;134,17;130,06;133,35;946.329;191.779.535
2025-11-27;133,26;133,26;133,26;133,26;1.479.230;197.122.176
2025-11-26;133,30;135,31;128,09;133,26;2.937.928;612.280.737
2025-11-25;123,45;127,10;123,39;125,92;2.248.518;628.792.173
2025-11-24;124,51;129,40;124,39;127,22;2.037.387;310.028.671
2025-11-21;117,84;123,45;116,66;122,51;1.528.413;205.022.426
2025-11-20;123,18;125,64;116,78;117,40;1.606.299;305.799.166
2025-11-19;122,00;123,585;118,92;119,38;1.252.821;258.395.149
2025-11-18;120,50;126,04;119,43;122,69;1.580.307;186.200.072
2025-11-17;124,33;128,39;120,02;122,48;2.154.549;85.171.140
2025-11-14;130,60;137,15;129,80;133,76;1.144.707;351.758.110
2025-11-13;139,56;139,61;132,30;133,94;1.382.084;370.358.726
2025-11-12;140,97;143,72;139,77;140,71;1.036.013;148.574.617
2025-11-11;140,00;140,74;136,33;138,76;1.233.262;273.197.734
2025-11-10;149,51;150,00;141,13;142,69;1.193.594;189.509.189
2025-11-07;147,00;147,61;143,18;146,70;1.408.393;415.120.048
2025-11-06;151,82;155,00;148,82;149,18;971.551;224.759.345
2025-11-05;152,14;154,92;149,19;152,41;1.208.317;323.245.673
2025-11-04;155,65;157,84;153,40;154,64;872.737;259.178.518
2025-11-03;167,47;167,94;159,86;160,11;933.256;64.377.158
2025-10-31;162,56;163,34;158,05;162,01;897.249;270.668.421
2025-10-30;161,09;164,00;160,27;161,01;616.886;215.751.505
2025-10-29;167,00;167,94;162,00;163,60;792.457;154.584.798
2025-10-28;162,50;167,00;160,75;164,88;1.026.707;324.496.285
2025-10-27;160,69;162,37;159,28;162,19;1.121.213;191.644.442
2025-10-24;157,50;159,94;156,83;158,64;983.754;296.502.585
2025-10-23;150,00;155,33;150,00;154,23;1.003.654;264.692.517
2025-10-22;150,09;151,38;145,29;150,13;1.095.467;274.682.591
2025-10-21;147,92;151,29;145,10;149,43;1.042.210;289.896.761
2025-10-20;150,00;151,27;147,16;147,87;1.202.432;81.356.012
2025-10-17;150,00;151,00;147,30;149,59;1.063.960;258.339.577
2025-10-16;154,89;158,50;149,75;151,31;1.236.571;198.799.468
2025-10-15;152,25;155,77;151,45;153,70;1.195.906;171.117.839
2025-10-14;150,10;152,53;148,17;148,77;1.055.076;217.531.432
2025-10-13;155,51;155,51;151,17;153,40;1.505.468;93.191.625
2025-10-10;157,82;159,28;150,45;150,57;1.946.595;266.909.881
2025-10-09;163,86;163,86;155,20;155,95;2.148.989;282.738.165
2025-10-08;155,00;166,10;154,00;164,53;2.590.956;333.443.129
2025-10-07;153,00;154,70;144,40;150,87;2.463.191;450.654.791
2025-10-06;145,52;149,28;144,41;145,76;1.608.310;85.845.903
2025-10-03;150,50;141,19;140,42;140,74;1.463.635;288.269.725
2025-10-02;150,50;152,00;144,71;147,37;1.591.465;394.816.297
2025-10-01;141,00;149,68;141,00;149,68;2.762.267;409.497.233
2025-09-30;134,00;141,77;134,00;141,77;1.889.172;381.985.055
2025-09-29;132,68;134,58;132,68;133,90;1.100.932;73.833.489
2025-09-26;128,22;131,11;127,60;130,76;971.734;233.194.765
2025-09-25;128,91;131,21;127,19;130,96;1.037.903;156.385.640
2025-09-24;135,00;135,45;131,72;132,09;1.010.694;204.089.542
2025-09-23;135,82;137,31;133,26;134,34;1.261.976;291.277.240
2025-09-22;132,40;137,97;131,90;135,69;2.071.081;332.811.741
2025-09-19;133,03;133,95;131,94;131,94;4.722.280;1.518.780.534
2025-09-18;132,41;133,62;131,46;132,11;1.421.959;208.680.462
2025-09-17;128,06;133,00;128,00;130,34;1.723.164;370.122.160
2025-09-16;127,68;128,61;125,94;127,68;1.319.844;238.473.235
2025-09-15;126,39;128,30;125,04;126,80;1.465.463;168.162.656
2025-09-12;125,85;127,61;124,98;125,04;987.479;215.704.330
2025-09-11;124,77;128,76;124,77;125,37;1.346.733;204.963.529
2025-09-10;124,18;127,04;123,625;124,45;1.398.926;179.198.194
2025-09-09;120,87;121,65;118,18;121,29;1.414.826;304.668.995
2025-09-08;125,30;125,58;122,80;123,00;1.037.117;68.615.873
2025-09-05;127,25;128,35;123,28;124,83;1.084.924;179.748.640
2025-09-04;124,03;127,35;123,00;126,67;1.005.459;194.656.157
2025-09-03;121,70;124,03;120,96;124,02;1.306.936;255.932.432
2025-09-02;119,11;121,38;117,72;120,96;1.745.619;273.176.065
2025-08-29;124,00;124,49;119,74;122,15;3.934.364;327.211.859
2025-08-28;133,99;135,175;132,76;134,05;1.639.592;245.814.666
2025-08-27;130,93;132,65;130,79;132,50;1.022.750;234.764.132
2025-08-26;131,19;132,50;130,34;130,99;1.043.552;174.383.807
2025-08-25;130,49;132,13;129,96;131,01;851.973;96.806.314
2025-08-22;128,85;132,00;128,13;130,84;1.142.656;279.496.713
2025-08-21;129,90;130,30;127,615;127,83;1.392.291;228.685.819
2025-08-20;134,00;134,00;126,91;128,48;1.247.896;201.826.932
2025-08-19;137,78;138,67;134,63;135,20;1.010.375;228.590.952
2025-08-18;138,28;139,37;137,74;138,13;960.971;85.214.458
2025-08-15;140,71;141,10;137,43;138,28;849.748;244.375.689
2025-08-14;137,11;139,81;136,75;138,86;1.025.392;276.264.905
2025-08-13;140,51;140,51;136,12;139,14;1.430.055;176.732.722
2025-08-12;140,00;142,11;139,99;141,64;943.175;104.944.033
2025-08-11;138,00;140,44;137,70;138,32;867.049;42.208.957
2025-08-08;135,00;138,82;134,15;137,61;1.167.777;175.322.275
2025-08-07;130,17;134,00;130,17;133,93;1.113.845;146.327.985
2025-08-06;128,60;129,60;123,93;128,14;1.030.532;125.597.666
2025-08-05;131,39;131,84;126,75;130,48;915.491;188.281.933
2025-08-04;129,00;130,48;127,92;130,23;639.233;38.706.082
2025-08-01;128,28;129,07;125,46;127,32;1.247.384;174.658.465
2025-07-31;135,12;136,11;132,21;132,69;924.955;160.689.795
2025-07-30;133,70;135,13;132,67;133,54;829.617;242.808.598
2025-07-29;135,00;136,00;132,52;133,51;919.423;218.047.643
2025-07-28;132,00;133,90;131,22;133,86;1.176.567;264.244.718
2025-07-25;128,00;131,80;127,96;131,22;838.287;208.928.714
2025-07-24;127,71;129,45;127,35;128,35;1.110.029;170.084.378
2025-07-23;125,75;127,87;125,50;127,22;826.623;241.655.193
2025-07-22;128,03;128,03;123,18;124,33;1.241.425;249.478.336
2025-07-21;130,43;130,95;128,59;128,96;1.415.349;102.602.384
2025-07-18;125,12;131,975;125,00;131,24;1.967.249;173.796.025
2025-07-17;123,33;124,41;121,94;123,88;706.089;167.523.003
2025-07-16;125,42;125,42;120,70;123,57;1.159.939;184.374.172
2025-07-15;127,50;128,575;125,05;125,69;982.865;241.206.643
2025-07-14;126,15;126,50;123,81;125,67;648.230;38.665.304
2025-07-11;127,29;127,50;125,75;126,83;977.066;371.275.446
2025-07-10;127,00;128,31;126,34;127,91;1.108.835;333.352.661
2025-07-09;124,97;127,00;124,60;126,63;857.256;245.505.354
2025-07-08;126,06;126,06;122,39;124,39;807.823;166.917.478
2025-07-07;125,00;127,00;123,78;124,77;984.893;65.129.004
2025-07-03;124,19;126,175;123,71;125,22;739.266;169.657.306
2025-07-02;121,82;124,30;120,12;123,48;727.020;148.030.565
2025-07-01;122,06;123,13;120,155;121,73;846.875;223.312.109
2025-06-30;124,16;124,44;122,13;122,60;1.295.079;262.277.564
2025-06-27;124,09;125,00;122,55;123,99;2.553.575;413.267.741
2025-06-26;122,80;127,13;122,80;125,98;1.827.131;183.318.905
2025-06-25;120,59;122,30;120,26;120,46;799.705;194.631.546
2025-06-24;119,52;121,80;119,19;120,59;1.326.812;379.437.842
2025-06-23;117,36;119,37;115,99;118,02;1.172.585;79.600.745
2025-06-20;118,32;119,74;117,64;119,37;3.638.572;333.621.987
2025-06-19;115,61;118,80;115,55;116,56;877.895;91.299.352
2025-06-18;115,61;118,80;115,55;116,56;877.895;176.449.617
2025-06-17;112,74;117,69;112,68;115,93;1.203.378;298.254.344
2025-06-16;111,00;114,35;111,00;113,74;1.031.525;108.121.369
2025-06-13;111,30;111,75;109,20;109,56;945.504;136.496.869
2025-06-12;111,74;113,50;110,66;113,40;888.256;291.494.352
2025-06-11;114,40;114,40;110,97;111,24;1.228.564;314.809.442
2025-06-10;114,80;114,80;111,78;113,25;951.894;133.703.418
2025-06-09;114,63;116,62;114,21;114,22;1.038.714;51.716.857
2025-06-06;113,56;115,18;112,85;113,75;744.407;147.837.555
2025-06-05;113,00;114,21;111,18;111,82;996.335;196.817.524
2025-06-04;112,99;114,20;111,51;112,70;931.527;143.060.542
2025-06-03;108,82;112,44;108,10;111,90;1.414.652;248.048.904
2025-06-02;111,47;111,63;106,43;108,08;1.376.498;145.091.852
2025-05-30;112,93;116,95;109,22;111,27;3.036.906;266.428.489
2025-05-29;115,27;115,29;111,32;113,63;1.868.558;241.660.287
2025-05-28;114,27;115,24;113,39;113,77;713.783;168.107.778
2025-05-27;114,48;115,01;113,19;113,99;1.086.667;55.214.199
2025-05-23;109,67;112,65;108,85;112,11;666.354;98.066.648
2025-05-22;111,89;112,97;110,70;111,95;806.051;147.935.197
2025-05-21;113,54;116,08;111,58;111,93;1.064.010;134.532.516
2025-05-20;113,99;115,47;113,21;114,23;969.146;172.819.790
2025-05-19;111,97;115,03;111,97;114,28;1.045.090;48.973.832
2025-05-16;111,50;114,60;111,20;114,19;1.182.666;155.119.218
2025-05-15;108,97;111,505;108,58;110,87;898.621;217.053.099
2025-05-14;109,50;111,70;109,50;111,02;1.416.315;207.209.740
2025-05-13;104,00;108,50;104,00;107,85;1.514.874;192.522.772
2025-05-12;101,59;104,00;101,59;103,42;1.484.083;68.669.314
2025-05-09;97,49;97,94;95,65;95,91;767.164;109.128.268
2025-05-08;97,05;97,40;95,68;96,22;880.438;125.477.598
2025-05-07;93,56;96,04;92,90;95,79;1.116.996;247.092.419
2025-05-06;92,66;94,72;92,66;93,95;1.241.678;344.349.859
2025-05-05;93,90;95,59;93,71;94,36;1.327.701;4.771.104
2025-05-02;94,25;95,82;93,87;94,59;1.181.145;134.961.007
2025-05-01;93,93;95,20;91,79;91,95;1.285.503;324.876.393
2025-04-30;87,20;92,09;87,04;91,76;2.116.177;169.305.976
2025-04-29;93,87;94,51;93,13;93,78;945.571;100.224.493
2025-04-28;94,57;95,60;93,13;94,47;787.727;36.089.554
2025-04-25;94,62;95,42;93,98;94,89;1.086.068;130.941.203
2025-04-24;90,15;94,66;90,085;94,40;1.180.542;114.685.996
2025-04-23;89,00;91,88;88,62;89,16;1.611.031;161.072.919
2025-04-22;83,21;85,32;82,75;84,08;810.404;73.390.349
2025-04-21;83,34;84,36;80,74;82,39;990.124;37.510.225
2025-04-18;84,27;85,42;82,93;84,80;1.016.373;55.295.876
2025-04-17;84,27;85,42;82,93;84,80;1.016.373;90.620.732
2025-04-16;83,00;85,20;81,68;83,36;1.129.198;149.485.386
2025-04-15;84,66;86,86;84,33;85,49;1.072.719;186.476.118
2025-04-14;88,00;89,00;84,07;85,19;2.086.032;106.798.959
2025-04-11;78,60;82,89;78,00;81,93;1.608.652;148.876.014
2025-04-10;80,65;80,92;75,95;78,94;2.040.578;203.586.271
2025-04-09;72,38;85,43;71,14;84,19;3.003.100;109.590.580
2025-04-08;77,01;79,46;71,00;72,59;2.155.866;163.638.488
2025-04-07;68,01;77,23;66,26;75,00;2.976.583;61.521.130
2025-04-04;74,05;74,05;69,44;71,63;2.856.678;195.190.486
2025-04-03;85,51;85,60;76,73;77,23;4.935.997;321.287.857
2025-04-02;90,01;95,71;90,01;95,33;1.441.767;104.475.423
2025-04-01;91,50;92,80;89,79;91,96;1.208.793;224.846.835
2025-03-31;89,55;91,21;88,40;91,15;2.194.960;103.610.055
2025-03-28;94,25;95,56;91,51;92,29;1.666.497;102.821.313
2025-03-27;94,68;98,36;93,70;97,10;1.657.719;100.165.453
2025-03-26;98,83;100,50;95,65;96,26;1.345.505;93.828.433
2025-03-25;100,16;101,30;98,52;98,86;1.160.093;106.313.736
2025-03-24;100,00;101,505;99,32;99,81;1.530.850;67.732.849
2025-03-21;97,57;98,37;96,43;97,57;3.970.445;351.854.806
2025-03-20;97,91;101,41;97,91;98,92;1.358.145;109.314.693
2025-03-19;97,87;100,41;97,16;98,72;1.302.503;101.222.590
2025-03-18;96,50;97,19;94,79;96,44;1.419.183;100.658.371
2025-03-17;96,99;98,81;96,69;97,66;1.415.493;53.950.688
2025-03-14;94,63;97,28;94,53;95,67;1.341.405;87.006.307
2025-03-13;94,00;94,74;91,60;92,45;1.231.843;84.780.911
2025-03-12;94,70;95,97;93,24;94,58;1.787.233;97.579.502
2025-03-11;90,16;92,825;90,16;91,57;1.610.664;104.952.706
2025-03-10;89,00;91,75;88,69;90,34;1.982.591;62.271.830
2025-03-07;92,00;92,56;88,35;91,46;2.370.669;114.971.783
2025-03-06;94,19;95,79;92,92;93,02;1.656.827;157.870.221
2025-03-05;94,63;97,88;93,22;97,25;1.548.326;253.345.167
2025-03-04;93,00;96,84;92,46;94,07;3.154.534;211.262.105
2025-03-03;103,64;103,70;94,51;95,56;2.776.386;76.349.138
2025-02-28;100,50;103,89;99,00;102,76;4.190.339;280.348.207
2025-02-27;117,00;117,32;107,43;107,83;2.496.087;170.530.863
2025-02-26;112,02;117,28;112,02;115,65;1.476.205;254.473.363
2025-02-25;113,50;114,01;109,70;110,65;1.407.564;166.687.952
2025-02-24;115,28;116,24;111,16;114,14;1.478.309;11.209.735
2025-02-21;121,00;121,20;117,31;117,60;1.270.053;103.836.532
2025-02-20;120,59;121,21;116,83;119,89;1.088.269;50.994.374
2025-02-19;118,60;122,26;118,60;120,96;1.307.166;226.842.640
2025-02-18;116,26;120,90;116,26;120,34;2.322.916;195.246.775
2025-02-14;110,88;117,11;109,75;114,38;2.388.329;184.907.006
2025-02-13;110,90;111,75;108,76;110,26;1.338.931;125.340.976
2025-02-12;110,05;114,00;110,00;112,92;1.109.339;139.130.557
2025-02-11;110,24;112,01;109,88;111,44;1.042.118;176.901.255
2025-02-10;107,35;112,81;107,35;112,31;1.890.432;88.009.740
2025-02-07;107,52;109,30;105,99;106,37;1.484.960;131.551.177
2025-02-06;104,97;107,22;104,96;105,92;1.242.839;256.868.815
2025-02-05;102,61;105,69;101,21;104,45;1.804.969;198.409.143
2025-02-04;100,58;102,46;99,90;101,67;1.492.920;147.178.894
2025-02-03;99,49;101,00;98,38;100,09;1.982.586;90.835.989
2025-01-31;106,53;107,20;103,58;103,60;1.298.016;239.921.079
2025-01-30;103,65;105,96;103,61;105,35;1.324.400;141.738.023
2025-01-29;101,97;103,80;101,47;103,10;1.554.717;286.424.423
2025-01-28;104,06;104,06;100,51;101,29;2.818.637;359.340.934
2025-01-27;107,00;107,075;100,05;103,84;3.002.679;87.402.281
2025-01-24;115,30;116,76;112,79;113,73;1.090.434;119.606.672
2025-01-23;112,93;114,70;111,98;114,22;1.221.547;255.391.475
2025-01-22;117,00;120,90;114,94;115,12;2.083.490;316.094.916
2025-01-21;110,53;112,38;107,94;111,55;1.557.576;178.385.876
2025-01-17;111,76;111,76;109,55;109,64;1.292.200;217.502.785
2025-01-16;109,00;111,36;108,45;110,11;1.343.425;224.830.237
2025-01-15;111,67;111,67;108,05;109,23;1.675.723;190.891.136
2025-01-14;111,43;111,57;107,22;109,06;1.511.421;201.091.366
2025-01-13;110,00;110,52;106,74;110,17;2.062.189;86.373.452
2025-01-10;117,94;117,94;114,59;114,77;1.454.655;80.382.032
2025-01-09;120,00;120,51;117,77;119,31;1.131.545;102.449.344
2025-01-08;120,00;120,51;117,77;119,31;1.131.545;171.343.212
2025-01-07;125,52;125,75;120,95;121,27;1.339.803;196.334.149
2025-01-06;121,81;125,01;121,46;124,66;1.533.838;77.025.364
2025-01-03;117,70;120,81;117,39;119,91;1.309.183;152.244.887
2025-01-02;115,24;117,37;113,60;116,53;860.784;40.077.412
2025-01-01;115,40;116,07;114,18;115,24;836.490;89.176.400
2024-12-31;115,40;116,07;114,18;115,24;836.490;191.113.138
2024-12-30;115,00;115,89;112,63;114,82;1.092.075;143.949.699
2024-12-27;118,37;118,70;116,51;117,33;841.650;99.815.389
2024-12-26;118,42;119,87;118,42;119,28;508.035;36.601.160
2024-12-24;118,68;119,36;118,22;118,94;406.691;138.665.922
2024-12-23;116,52;119,139;116,30;118,82;979.379;105.850.882
2024-12-20;110,76;116,46;110,33;115,77;4.744.850;624.817.092
2024-12-19;114,20;115,49;111,31;111,96;1.775.504;432.674.465
2024-12-18;119,49;119,98;111,96;112,67;1.485.729;262.202.840
2024-12-17;118,20;120,09;117,92;118,28;1.280.404;231.073.077
2024-12-16;118,86;122,05;118,45;119,27;1.381.370;217.801.971
2024-12-13;120,38;121,19;116,55;118,45;1.035.734;249.111.632
2024-12-12;117,51;120,385;117,49;119,18;964.098;164.221.291
2024-12-11;117,57;119,16;115,70;118,69;1.381.409;232.765.475
2024-12-10;122,66;123,15;116,58;116,79;1.650.462;180.230.311
2024-12-09;123,00;124,20;121,15;123,81;1.466.152;74.572.940
2024-12-06;125,51;126,22;122,75;123,40;2.022.467;202.873.817
2024-12-05;126,50;128,65;125,04;125,07;1.443.191;162.594.043
2024-12-04;125,40;127,32;123,95;126,10;1.016.461;233.079.738
2024-12-03;125,16;126,02;124,19;125,56;1.459.070;227.750.261
2024-12-02;126,19;127,84;123,29;125,84;2.046.533;87.112.336
2024-11-29;125,30;128,45;124,99;127,59;1.582.521;132.156.093
2024-11-28;125,00;127,14;121,30;124,38;4.306.579;147.167.904
2024-11-27;125,00;127,14;121,30;124,38;4.306.579;269.956.953
2024-11-26;144,00;144,34;141,21;141,74;1.328.720;743.625.935
2024-11-25;147,07;147,66;142,675;144,16;3.469.416;351.711.864
2024-11-22;142,50;144,49;140,70;144,21;1.392.331;178.980.961
2024-11-21;136,41;140,12;134,50;138,92;1.255.692;199.867.276
2024-11-20;137,52;138,16;132,58;133,96;902.903;226.948.363
2024-11-19;133,25;136,24;132,31;135,90;958.290;274.805.802
2024-11-18;135,90;137,99;134,55;136,01;1.228.974;76.007.702
2024-11-15;132,28;133,86;130,75;131,64;915.164;122.759.329
2024-11-14;136,00;136,86;133,43;134,43;655.155;158.784.043
2024-11-13;137,76;139,00;134,47;134,53;868.728;138.603.563
2024-11-12;138,57;141,31;135,94;136,47;843.437;136.770.697
2024-11-11;138,50;140,68;135,04;138,51;1.143.772;101.348.319
2024-11-08;138,22;139,00;134,08;134,23;1.149.527;318.272.635
2024-11-07;139,00;139,39;136,04;137,87;1.205.021;166.419.700
2024-11-06;137,46;139,59;134,405;138,35;1.689.585;171.466.941
2024-11-05;131,00;134,25;129,76;133,46;1.150.603;210.864.869
2024-11-04;133,00;135,70;129,70;129,85;1.976.000;93.109.357
2024-11-01;124,64;132,60;124,64;130,87;1.841.249;141.735.907
2024-10-31;127,00;127,44;122,62;123,63;1.395.376;145.552.563
2024-10-30;130,23;133,94;125,50;129,40;2.162.032;113.778.308
2024-10-29;120,68;122,53;120,16;121,63;597.062;75.550.877
2024-10-28;123,00;123,55;120,55;120,66;749.599;56.635.246
2024-10-25;121,96;124,78;121,96;122,55;927.477;231.053.818
2024-10-24;120,61;121,37;119,36;120,57;800.357;129.141.515
2024-10-23;118,97;121,55;117,96;119,49;888.477;200.620.788
2024-10-22;124,10;124,15;119,40;120,40;1.118.163;160.314.823
2024-10-21;126,50;126,92;125,17;125,66;922.763;76.091.236
2024-10-18;129,20;129,30;125,21;126,46;935.075;137.482.975
2024-10-17;129,02;131,60;128,00;129,18;911.638;180.706.629
2024-10-16;126,89;127,50;124,86;126,73;889.723;151.617.792
2024-10-15;129,50;131,06;125,67;125,83;1.030.409;196.332.770
2024-10-14;129,00;130,22;127,45;128,35;1.220.618;253.974.673
2024-10-11;124,00;128,30;123,86;127,73;1.366.006;175.992.419
2024-10-10;121,46;124,85;121,45;124,80;1.047.087;189.281.080
2024-10-09;121,63;123,07;120,50;122,34;1.265.879;209.304.772
2024-10-08;119,29;121,94;118,79;121,93;1.257.040;177.297.838
2024-10-07;119,70;120,85;118,18;119,09;1.058.017;52.850.438
2024-10-04;117,78;120,84;117,15;120,42;1.469.567;257.584.953
2024-10-03;113,86;116,75;113,67;115,67;1.788.106;217.714.311
2024-10-02;112,97;116,54;112,17;113,46;1.274.817;233.491.628
2024-10-01;117,39;117,78;112,95;113,16;1.863.346;290.820.338
2024-09-30;119,00;119,91;117,00;118,54;1.941.793;196.008.394
2024-09-27;124,16;124,40;120,07;120,22;2.150.879;279.675.192
2024-09-26;122,50;127,00;121,40;126,49;2.226.191;183.545.246
2024-09-25;117,27;120,24;117,27;120,17;1.392.788;327.798.209
2024-09-24;118,21;118,26;116,00;117,31;1.401.394;278.681.101
2024-09-23;117,55;118,10;116,66;117,57;1.704.864;130.460.730
2024-09-20;116,37;119,05;115,15;117,50;39.657.284;13.125.683.962
2024-09-19;119,78;119,78;117,36;117,77;1.829.820;187.568.570
2024-09-18;117,58;119,62;115,95;115,99;1.749.090;142.982.211
2024-09-17;117,76;118,29;115,16;116,82;1.494.926;140.049.050
2024-09-16;112,78;115,80;112,23;115,40;1.420.074;53.747.981
2024-09-13;112,00;114,55;111,40;114,30;1.280.229;149.259.471
2024-09-12;108,70;113,23;108,70;112,15;1.612.152;157.082.474
2024-09-11;107,08;108,90;105,55;108,80;1.537.925;138.571.366
2024-09-10;106,14;107,50;105,42;106,64;1.256.059;163.721.356
2024-09-09;107,29;107,65;105,10;105,89;2.633.891;87.549.588
2024-09-06;106,92;108,05;101,42;102,00;1.816.994;149.731.326




